Guinness Smooth Can x24,"₦ 5,775","

             ₦ 6,500
            

             11%
            
","
             11%
            ","
             4.5 out of 5
             

",None
Defacto Girl Carrot Fit Denim Trousers - Blue,"₦ 3,032","

             ₦ 7,579
            

             60%
            
","
             60%
            ",None,None
HAN RIVER Hair Clipper/Powerful /Versatile Universal / Adjustable Size,"₦ 5,890","

             ₦ 9,999
            

             41%
            
","
             41%
            ",None,None
Defacto Woman Elastic Waist V Neck Short Sleeve Dress - White,"₦ 4,198","

             ₦ 10,494
            

             60%
            
","
             60%
            ",None,None
Defacto Boy Blue Raincoat R0250A6-BE132,"₦ 4,093","

             ₦ 9,095
            

             55%
            
","
             55%
            ","
             5 out of 5
             

",None
ADIDAS ORIGINALS SLIDES ADILETTE W,"₦ 25,149","

             ₦ 35,915
            

             30%
            
","
             30%
            ","
             5 out of 5
             

",None
Italian Mens Leather Shoes Luxury Dress Shoes Men High Quality Office Shoes Man Wedding Shoes Brown,"₦ 19,300 - ₦ 20,400","

             ₦ 35,000
            

             45%
            
","
             45%
            ",None,None
Defacto Girl Wide Leg Denim Trousers - Blue,"₦ 2,624","

             ₦ 5,830
            

             55%
            
","
             55%
            ","
             4.5 out of 5
             

",None
Defacto Boy Yellow Raincoat R0250A6-YL386,"₦ 4,093","

             ₦ 9,095
            

             55%
            
","
             55%
            ",None,None
Defacto Woman Indigo Jogger Maternity Bottom-Denim,"₦ 3,149","

             ₦ 8,395
            

             62%
            
","
             62%
            ","
             3.8 out of 5
             

",None
Defacto Woman Black Short N8475AZ-BK27,"₦ 3,149","

             ₦ 6,996
            

             55%
            
","
             55%
            ","
             4.2 out of 5
             

",None
Defacto Man Regular Fit Woven Bermuda - Black,"₦ 7,241","

             ₦ 16,091
            

             55%
            
","
             55%
            ","
             5 out of 5
             

",None
HAN RIVER 300ml U-ltrasonic Air Humidifier Aroma Diffuser Mist Maker,"₦ 8,250","

             ₦ 13,500
            

             39%
            
","
             39%
            ",None,None
Smart Fashion Breathable Unisex Sneakers/Canvas-white,"₦ 4,000 - ₦ 4,200","

             ₦ 5,800 - ₦ 6,900
            

             41%
            
","
             41%
            ","
             4 out of 5
             

",None
2021 Men's Casual Running Sneakers - White,"₦ 6,400 - ₦ 6,800","

             ₦ 12,698
            

             50%
            
","
             50%
            ","
             4 out of 5
             

",None
I Watch Series 7 Full Touch Bluetooth Calling Smart Watch,"₦ 10,050","

             ₦ 19,990
            

             50%
            
","
             50%
            ","
             4 out of 5
             

",None
100% Cotton Tshirt - 4 Pcs,"₦ 9,700","

             ₦ 12,920
            

             25%
            
","
             25%
            ","
             3.9 out of 5
             

",None
Trendy Men's Lace-up Sneakers-White And Black,"₦ 5,310 - ₦ 6,990","

             ₦ 14,900
            

             64%
            
","
             64%
            ","
             4.1 out of 5
             

",None
STPERFUMES INCLUSIVE Oil Perfume Set (3ml X 12),"₦ 2,500","

             ₦ 2,990
            

             16%
            
","
             16%
            ","
             4 out of 5
             

",None
Men Corporate Outing Leather Shoe- Black,"₦ 4,500","

             ₦ 9,000
            

             50%
            
","
             50%
            ","
             3.5 out of 5
             

",None
2022 Men’s Casual Running Sneakers - Black/Green,"₦ 7,200 - ₦ 7,999","

             ₦ 15,684 - ₦ 16,900
            

             55%
            
","
             55%
            ","
             4.2 out of 5
             

",None
Nexus Vita SmoothMix Smoothie Blender NX-4050,"₦ 10,368","

             ₦ 12,442
            

             17%
            
","
             17%
            ","
             4.1 out of 5
             

",None
Fngeen 03 Luxury Classy Unisex Wrist Watch With Date/Week -Coffee,"₦ 4,500","

             ₦ 25,000
            

             82%
            
","
             82%
            ","
             3.9 out of 5
             

",None
DM Breathable Sneakers,"₦ 3,000 - ₦ 3,200","

             ₦ 6,000
            

             50%
            
","
             50%
            ","
             4 out of 5
             

",None
Men's Smart Fit Sneakers,"₦ 5,500","

             ₦ 5,790
            

             5%
            
","
             5%
            ","
             4.3 out of 5
             

",None
2 In 1 Men's Shirts Business Shirt  Long Sleeve,"₦ 6,750 - ₦ 8,500","

             ₦ 9,000 - ₦ 10,800
            

             38%
            
","
             38%
            ","
             4.5 out of 5
             

",None
Skyrun Double Door Top Mount Fridge 70L Sliver（BCD-85HC）,"₦ 88,855","

             ₦ 149,000
            

             40%
            
","
             40%
            ","
             4 out of 5
             

",None
Martell Cognac VS Single Distillery 70cl,"₦ 16,541","

             ₦ 20,676
            

             20%
            
","
             20%
            ","
             4.7 out of 5
             

",None
Huawei Nova3i (4GB RAM+128GB ROM) 6.3-Inch 4G LTE Smartphone (White),"₦ 54,900","

             ₦ 78,000
            

             30%
            
","
             30%
            ","
             5 out of 5
             

",None
Nestle Golden Morn Grainsmart 400g,₦ 840,"

             ₦ 935
            

             10%
            
","
             10%
            ","
             4.6 out of 5
             

",None
Oil Perfume 3ml X 12 Bottles,"₦ 2,400","

             ₦ 3,000
            

             20%
            
","
             20%
            ","
             4 out of 5
             

",None
"Samsung Galaxy A03, 4GB/64GB Memory - Black","₦ 86,000","

             ₦ 95,000
            

             9%
            
","
             9%
            ","
             4.6 out of 5
             

",None
Guinness Smooth Can x24,"₦ 5,775","

             ₦ 6,500
            

             11%
            
","
             11%
            ","
             4.5 out of 5
             

",None
Defacto Girl Carrot Fit Denim Trousers - Blue,"₦ 3,032","

             ₦ 7,579
            

             60%
            
","
             60%
            ",None,None
HAN RIVER Hair Clipper/Powerful /Versatile Universal / Adjustable Size,"₦ 5,890","

             ₦ 9,999
            

             41%
            
","
             41%
            ",None,None
Defacto Woman Elastic Waist V Neck Short Sleeve Dress - White,"₦ 4,198","

             ₦ 10,494
            

             60%
            
","
             60%
            ",None,None
Defacto Boy Blue Raincoat R0250A6-BE132,"₦ 4,093","

             ₦ 9,095
            

             55%
            
","
             55%
            ","
             5 out of 5
             

",None
ADIDAS ORIGINALS SLIDES ADILETTE W,"₦ 25,149","

             ₦ 35,915
            

             30%
            
","
             30%
            ","
             5 out of 5
             

",None
Italian Mens Leather Shoes Luxury Dress Shoes Men High Quality Office Shoes Man Wedding Shoes Brown,"₦ 19,300 - ₦ 20,400","

             ₦ 35,000
            

             45%
            
","
             45%
            ",None,None
Defacto Girl Wide Leg Denim Trousers - Blue,"₦ 2,624","

             ₦ 5,830
            

             55%
            
","
             55%
            ","
             4.5 out of 5
             

",None
Defacto Boy Yellow Raincoat R0250A6-YL386,"₦ 4,093","

             ₦ 9,095
            

             55%
            
","
             55%
            ",None,None
Defacto Woman Indigo Jogger Maternity Bottom-Denim,"₦ 3,149","

             ₦ 8,395
            

             62%
            
","
             62%
            ","
             3.8 out of 5
             

",None
Defacto Woman Black Short N8475AZ-BK27,"₦ 3,149","

             ₦ 6,996
            

             55%
            
","
             55%
            ","
             4.2 out of 5
             

",None
Defacto Man Regular Fit Woven Bermuda - Black,"₦ 7,241","

             ₦ 16,091
            

             55%
            
","
             55%
            ","
             5 out of 5
             

",None
HAN RIVER 300ml U-ltrasonic Air Humidifier Aroma Diffuser Mist Maker,"₦ 8,250","

             ₦ 13,500
            

             39%
            
","
             39%
            ",None,None
Smart Fashion Breathable Unisex Sneakers/Canvas-white,"₦ 4,000 - ₦ 4,200","

             ₦ 5,800 - ₦ 6,900
            

             41%
            
","
             41%
            ","
             4 out of 5
             

",None
2021 Men's Casual Running Sneakers - White,"₦ 6,400 - ₦ 6,800","

             ₦ 12,698
            

             50%
            
","
             50%
            ","
             4 out of 5
             

",None
I Watch Series 7 Full Touch Bluetooth Calling Smart Watch,"₦ 10,050","

             ₦ 19,990
            

             50%
            
","
             50%
            ","
             4 out of 5
             

",None
100% Cotton Tshirt - 4 Pcs,"₦ 9,700","

             ₦ 12,920
            

             25%
            
","
             25%
            ","
             3.9 out of 5
             

",None
Trendy Men's Lace-up Sneakers-White And Black,"₦ 5,310 - ₦ 6,990","

             ₦ 14,900
            

             64%
            
","
             64%
            ","
             4.1 out of 5
             

",None
STPERFUMES INCLUSIVE Oil Perfume Set (3ml X 12),"₦ 2,500","

             ₦ 2,990
            

             16%
            
","
             16%
            ","
             4 out of 5
             

",None
Men Corporate Outing Leather Shoe- Black,"₦ 4,500","

             ₦ 9,000
            

             50%
            
","
             50%
            ","
             3.5 out of 5
             

",None
2022 Men’s Casual Running Sneakers - Black/Green,"₦ 7,200 - ₦ 7,999","

             ₦ 15,684 - ₦ 16,900
            

             55%
            
","
             55%
            ","
             4.2 out of 5
             

",None
Nexus Vita SmoothMix Smoothie Blender NX-4050,"₦ 10,368","

             ₦ 12,442
            

             17%
            
","
             17%
            ","
             4.1 out of 5
             

",None
Fngeen 03 Luxury Classy Unisex Wrist Watch With Date/Week -Coffee,"₦ 4,500","

             ₦ 25,000
            

             82%
            
","
             82%
            ","
             3.9 out of 5
             

",None
DM Breathable Sneakers,"₦ 3,000 - ₦ 3,200","

             ₦ 6,000
            

             50%
            
","
             50%
            ","
             4 out of 5
             

",None
Men's Smart Fit Sneakers,"₦ 5,500","

             ₦ 5,790
            

             5%
            
","
             5%
            ","
             4.3 out of 5
             

",None
2 In 1 Men's Shirts Business Shirt  Long Sleeve,"₦ 6,750 - ₦ 8,500","

             ₦ 9,000 - ₦ 10,800
            

             38%
            
","
             38%
            ","
             4.5 out of 5
             

",None
Skyrun Double Door Top Mount Fridge 70L Sliver（BCD-85HC）,"₦ 88,855","

             ₦ 149,000
            

             40%
            
","
             40%
            ","
             4 out of 5
             

",None
Martell Cognac VS Single Distillery 70cl,"₦ 16,541","

             ₦ 20,676
            

             20%
            
","
             20%
            ","
             4.7 out of 5
             

",None
Huawei Nova3i (4GB RAM+128GB ROM) 6.3-Inch 4G LTE Smartphone (White),"₦ 54,900","

             ₦ 78,000
            

             30%
            
","
             30%
            ","
             5 out of 5
             

",None
Nestle Golden Morn Grainsmart 400g,₦ 840,"

             ₦ 935
            

             10%
            
","
             10%
            ","
             4.6 out of 5
             

",None
Oil Perfume 3ml X 12 Bottles,"₦ 2,400","

             ₦ 3,000
            

             20%
            
","
             20%
            ","
             4 out of 5
             

",None
"Samsung Galaxy A03, 4GB/64GB Memory - Black","₦ 86,000","

             ₦ 95,000
            

             9%
            
","
             9%
            ","
             4.6 out of 5
             

",None
Guinness Smooth Can x24,"₦ 5,775","

             ₦ 6,500
            

             11%
            
","
             11%
            ","
             4.5 out of 5
             

",None
Defacto Girl Carrot Fit Denim Trousers - Blue,"₦ 3,032","

             ₦ 7,579
            

             60%
            
","
             60%
            ",None,None
HAN RIVER Hair Clipper/Powerful /Versatile Universal / Adjustable Size,"₦ 5,890","

             ₦ 9,999
            

             41%
            
","
             41%
            ",None,None
Defacto Woman Elastic Waist V Neck Short Sleeve Dress - White,"₦ 4,198","

             ₦ 10,494
            

             60%
            
","
             60%
            ",None,None
Defacto Boy Blue Raincoat R0250A6-BE132,"₦ 4,093","

             ₦ 9,095
            

             55%
            
","
             55%
            ","
             5 out of 5
             

",None
ADIDAS ORIGINALS SLIDES ADILETTE W,"₦ 25,149","

             ₦ 35,915
            

             30%
            
","
             30%
            ","
             5 out of 5
             

",None
Italian Mens Leather Shoes Luxury Dress Shoes Men High Quality Office Shoes Man Wedding Shoes Brown,"₦ 19,300 - ₦ 20,400","

             ₦ 35,000
            

             45%
            
","
             45%
            ",None,None
Defacto Girl Wide Leg Denim Trousers - Blue,"₦ 2,624","

             ₦ 5,830
            

             55%
            
","
             55%
            ","
             4.5 out of 5
             

",None
Defacto Boy Yellow Raincoat R0250A6-YL386,"₦ 4,093","

             ₦ 9,095
            

             55%
            
","
             55%
            ",None,None
Defacto Woman Indigo Jogger Maternity Bottom-Denim,"₦ 3,149","

             ₦ 8,395
            

             62%
            
","
             62%
            ","
             3.8 out of 5
             

",None
Defacto Woman Black Short N8475AZ-BK27,"₦ 3,149","

             ₦ 6,996
            

             55%
            
","
             55%
            ","
             4.2 out of 5
             

",None
Defacto Man Regular Fit Woven Bermuda - Black,"₦ 7,241","

             ₦ 16,091
            

             55%
            
","
             55%
            ","
             5 out of 5
             

",None
HAN RIVER 300ml U-ltrasonic Air Humidifier Aroma Diffuser Mist Maker,"₦ 8,250","

             ₦ 13,500
            

             39%
            
","
             39%
            ",None,None
Smart Fashion Breathable Unisex Sneakers/Canvas-white,"₦ 4,000 - ₦ 4,200","

             ₦ 5,800 - ₦ 6,900
            

             41%
            
","
             41%
            ","
             4 out of 5
             

",None
2021 Men's Casual Running Sneakers - White,"₦ 6,400 - ₦ 6,800","

             ₦ 12,698
            

             50%
            
","
             50%
            ","
             4 out of 5
             

",None
I Watch Series 7 Full Touch Bluetooth Calling Smart Watch,"₦ 10,050","

             ₦ 19,990
            

             50%
            
","
             50%
            ","
             4 out of 5
             

",None
100% Cotton Tshirt - 4 Pcs,"₦ 9,700","

             ₦ 12,920
            

             25%
            
","
             25%
            ","
             3.9 out of 5
             

",None
Trendy Men's Lace-up Sneakers-White And Black,"₦ 5,310 - ₦ 6,990","

             ₦ 14,900
            

             64%
            
","
             64%
            ","
             4.1 out of 5
             

",None
STPERFUMES INCLUSIVE Oil Perfume Set (3ml X 12),"₦ 2,500","

             ₦ 2,990
            

             16%
            
","
             16%
            ","
             4 out of 5
             

",None
Men Corporate Outing Leather Shoe- Black,"₦ 4,500","

             ₦ 9,000
            

             50%
            
","
             50%
            ","
             3.5 out of 5
             

",None
2022 Men’s Casual Running Sneakers - Black/Green,"₦ 7,200 - ₦ 7,999","

             ₦ 15,684 - ₦ 16,900
            

             55%
            
","
             55%
            ","
             4.2 out of 5
             

",None
Nexus Vita SmoothMix Smoothie Blender NX-4050,"₦ 10,368","

             ₦ 12,442
            

             17%
            
","
             17%
            ","
             4.1 out of 5
             

",None
Fngeen 03 Luxury Classy Unisex Wrist Watch With Date/Week -Coffee,"₦ 4,500","

             ₦ 25,000
            

             82%
            
","
             82%
            ","
             3.9 out of 5
             

",None
DM Breathable Sneakers,"₦ 3,000 - ₦ 3,200","

             ₦ 6,000
            

             50%
            
","
             50%
            ","
             4 out of 5
             

",None
Men's Smart Fit Sneakers,"₦ 5,500","

             ₦ 5,790
            

             5%
            
","
             5%
            ","
             4.3 out of 5
             

",None
2 In 1 Men's Shirts Business Shirt  Long Sleeve,"₦ 6,750 - ₦ 8,500","

             ₦ 9,000 - ₦ 10,800
            

             38%
            
","
             38%
            ","
             4.5 out of 5
             

",None
Skyrun Double Door Top Mount Fridge 70L Sliver（BCD-85HC）,"₦ 88,855","

             ₦ 149,000
            

             40%
            
","
             40%
            ","
             4 out of 5
             

",None
Martell Cognac VS Single Distillery 70cl,"₦ 16,541","

             ₦ 20,676
            

             20%
            
","
             20%
            ","
             4.7 out of 5
             

",None
Huawei Nova3i (4GB RAM+128GB ROM) 6.3-Inch 4G LTE Smartphone (White),"₦ 54,900","

             ₦ 78,000
            

             30%
            
","
             30%
            ","
             5 out of 5
             

",None
Nestle Golden Morn Grainsmart 400g,₦ 840,"

             ₦ 935
            

             10%
            
","
             10%
            ","
             4.6 out of 5
             

",None
Oil Perfume 3ml X 12 Bottles,"₦ 2,400","

             ₦ 3,000
            

             20%
            
","
             20%
            ","
             4 out of 5
             

",None
"Samsung Galaxy A03, 4GB/64GB Memory - Black","₦ 86,000","

             ₦ 95,000
            

             9%
            
","
             9%
            ","
             4.6 out of 5
             

",None
Guinness Smooth Can x24,"₦ 5,775","

             ₦ 6,500
            

             11%
            
","
             11%
            ","
             4.5 out of 5
             

",None
Defacto Girl Carrot Fit Denim Trousers - Blue,"₦ 3,032","

             ₦ 7,579
            

             60%
            
","
             60%
            ",None,None
HAN RIVER Hair Clipper/Powerful /Versatile Universal / Adjustable Size,"₦ 5,890","

             ₦ 9,999
            

             41%
            
","
             41%
            ",None,None
Defacto Woman Elastic Waist V Neck Short Sleeve Dress - White,"₦ 4,198","

             ₦ 10,494
            

             60%
            
","
             60%
            ",None,None
Defacto Boy Blue Raincoat R0250A6-BE132,"₦ 4,093","

             ₦ 9,095
            

             55%
            
","
             55%
            ","
             5 out of 5
             

",None
ADIDAS ORIGINALS SLIDES ADILETTE W,"₦ 25,149","

             ₦ 35,915
            

             30%
            
","
             30%
            ","
             5 out of 5
             

",None
Italian Mens Leather Shoes Luxury Dress Shoes Men High Quality Office Shoes Man Wedding Shoes Brown,"₦ 19,300 - ₦ 20,400","

             ₦ 35,000
            

             45%
            
","
             45%
            ",None,None
Defacto Girl Wide Leg Denim Trousers - Blue,"₦ 2,624","

             ₦ 5,830
            

             55%
            
","
             55%
            ","
             4.5 out of 5
             

",None
Defacto Boy Yellow Raincoat R0250A6-YL386,"₦ 4,093","

             ₦ 9,095
            

             55%
            
","
             55%
            ",None,None
Defacto Woman Indigo Jogger Maternity Bottom-Denim,"₦ 3,149","

             ₦ 8,395
            

             62%
            
","
             62%
            ","
             3.8 out of 5
             

",None
Defacto Woman Black Short N8475AZ-BK27,"₦ 3,149","

             ₦ 6,996
            

             55%
            
","
             55%
            ","
             4.2 out of 5
             

",None
Defacto Man Regular Fit Woven Bermuda - Black,"₦ 7,241","

             ₦ 16,091
            

             55%
            
","
             55%
            ","
             5 out of 5
             

",None
HAN RIVER 300ml U-ltrasonic Air Humidifier Aroma Diffuser Mist Maker,"₦ 8,250","

             ₦ 13,500
            

             39%
            
","
             39%
            ",None,None
Smart Fashion Breathable Unisex Sneakers/Canvas-white,"₦ 4,000 - ₦ 4,200","

             ₦ 5,800 - ₦ 6,900
            

             41%
            
","
             41%
            ","
             4 out of 5
             

",None
2021 Men's Casual Running Sneakers - White,"₦ 6,400 - ₦ 6,800","

             ₦ 12,698
            

             50%
            
","
             50%
            ","
             4 out of 5
             

",None
I Watch Series 7 Full Touch Bluetooth Calling Smart Watch,"₦ 10,050","

             ₦ 19,990
            

             50%
            
","
             50%
            ","
             4 out of 5
             

",None
100% Cotton Tshirt - 4 Pcs,"₦ 9,700","

             ₦ 12,920
            

             25%
            
","
             25%
            ","
             3.9 out of 5
             

",None
Trendy Men's Lace-up Sneakers-White And Black,"₦ 5,310 - ₦ 6,990","

             ₦ 14,900
            

             64%
            
","
             64%
            ","
             4.1 out of 5
             

",None
STPERFUMES INCLUSIVE Oil Perfume Set (3ml X 12),"₦ 2,500","

             ₦ 2,990
            

             16%
            
","
             16%
            ","
             4 out of 5
             

",None
Men Corporate Outing Leather Shoe- Black,"₦ 4,500","

             ₦ 9,000
            

             50%
            
","
             50%
            ","
             3.5 out of 5
             

",None
2022 Men’s Casual Running Sneakers - Black/Green,"₦ 7,200 - ₦ 7,999","

             ₦ 15,684 - ₦ 16,900
            

             55%
            
","
             55%
            ","
             4.2 out of 5
             

",None
Nexus Vita SmoothMix Smoothie Blender NX-4050,"₦ 10,368","

             ₦ 12,442
            

             17%
            
","
             17%
            ","
             4.1 out of 5
             

",None
Fngeen 03 Luxury Classy Unisex Wrist Watch With Date/Week -Coffee,"₦ 4,500","

             ₦ 25,000
            

             82%
            
","
             82%
            ","
             3.9 out of 5
             

",None
DM Breathable Sneakers,"₦ 3,000 - ₦ 3,200","

             ₦ 6,000
            

             50%
            
","
             50%
            ","
             4 out of 5
             

",None
Men's Smart Fit Sneakers,"₦ 5,500","

             ₦ 5,790
            

             5%
            
","
             5%
            ","
             4.3 out of 5
             

",None
2 In 1 Men's Shirts Business Shirt  Long Sleeve,"₦ 6,750 - ₦ 8,500","

             ₦ 9,000 - ₦ 10,800
            

             38%
            
","
             38%
            ","
             4.5 out of 5
             

",None
Skyrun Double Door Top Mount Fridge 70L Sliver（BCD-85HC）,"₦ 88,855","

             ₦ 149,000
            

             40%
            
","
             40%
            ","
             4 out of 5
             

",None
Martell Cognac VS Single Distillery 70cl,"₦ 16,541","

             ₦ 20,676
            

             20%
            
","
             20%
            ","
             4.7 out of 5
             

",None
Huawei Nova3i (4GB RAM+128GB ROM) 6.3-Inch 4G LTE Smartphone (White),"₦ 54,900","

             ₦ 78,000
            

             30%
            
","
             30%
            ","
             5 out of 5
             

",None
Nestle Golden Morn Grainsmart 400g,₦ 840,"

             ₦ 935
            

             10%
            
","
             10%
            ","
             4.6 out of 5
             

",None
Oil Perfume 3ml X 12 Bottles,"₦ 2,400","

             ₦ 3,000
            

             20%
            
","
             20%
            ","
             4 out of 5
             

",None
"Samsung Galaxy A03, 4GB/64GB Memory - Black","₦ 86,000","

             ₦ 95,000
            

             9%
            
","
             9%
            ","
             4.6 out of 5
             

",None
Guinness Smooth Can x24,"₦ 5,775","

             ₦ 6,500
            

             11%
            
","
             11%
            ","
             4.5 out of 5
             

",None
Defacto Girl Carrot Fit Denim Trousers - Blue,"₦ 3,032","

             ₦ 7,579
            

             60%
            
","
             60%
            ",None,None
HAN RIVER Hair Clipper/Powerful /Versatile Universal / Adjustable Size,"₦ 5,890","

             ₦ 9,999
            

             41%
            
","
             41%
            ",None,None
Defacto Woman Elastic Waist V Neck Short Sleeve Dress - White,"₦ 4,198","

             ₦ 10,494
            

             60%
            
","
             60%
            ",None,None
Defacto Boy Blue Raincoat R0250A6-BE132,"₦ 4,093","

             ₦ 9,095
            

             55%
            
","
             55%
            ","
             5 out of 5
             

",None
ADIDAS ORIGINALS SLIDES ADILETTE W,"₦ 25,149","

             ₦ 35,915
            

             30%
            
","
             30%
            ","
             5 out of 5
             

",None
Italian Mens Leather Shoes Luxury Dress Shoes Men High Quality Office Shoes Man Wedding Shoes Brown,"₦ 19,300 - ₦ 20,400","

             ₦ 35,000
            

             45%
            
","
             45%
            ",None,None
Defacto Girl Wide Leg Denim Trousers - Blue,"₦ 2,624","

             ₦ 5,830
            

             55%
            
","
             55%
            ","
             4.5 out of 5
             

",None
Defacto Boy Yellow Raincoat R0250A6-YL386,"₦ 4,093","

             ₦ 9,095
            

             55%
            
","
             55%
            ",None,None
Defacto Woman Indigo Jogger Maternity Bottom-Denim,"₦ 3,149","

             ₦ 8,395
            

             62%
            
","
             62%
            ","
             3.8 out of 5
             

",None
Defacto Woman Black Short N8475AZ-BK27,"₦ 3,149","

             ₦ 6,996
            

             55%
            
","
             55%
            ","
             4.2 out of 5
             

",None
Defacto Man Regular Fit Woven Bermuda - Black,"₦ 7,241","

             ₦ 16,091
            

             55%
            
","
             55%
            ","
             5 out of 5
             

",None
HAN RIVER 300ml U-ltrasonic Air Humidifier Aroma Diffuser Mist Maker,"₦ 8,250","

             ₦ 13,500
            

             39%
            
","
             39%
            ",None,None
Smart Fashion Breathable Unisex Sneakers/Canvas-white,"₦ 4,000 - ₦ 4,200","

             ₦ 5,800 - ₦ 6,900
            

             41%
            
","
             41%
            ","
             4 out of 5
             

",None
2021 Men's Casual Running Sneakers - White,"₦ 6,400 - ₦ 6,800","

             ₦ 12,698
            

             50%
            
","
             50%
            ","
             4 out of 5
             

",None
I Watch Series 7 Full Touch Bluetooth Calling Smart Watch,"₦ 10,050","

             ₦ 19,990
            

             50%
            
","
             50%
            ","
             4 out of 5
             

",None
100% Cotton Tshirt - 4 Pcs,"₦ 9,700","

             ₦ 12,920
            

             25%
            
","
             25%
            ","
             3.9 out of 5
             

",None
Trendy Men's Lace-up Sneakers-White And Black,"₦ 5,310 - ₦ 6,990","

             ₦ 14,900
            

             64%
            
","
             64%
            ","
             4.1 out of 5
             

",None
STPERFUMES INCLUSIVE Oil Perfume Set (3ml X 12),"₦ 2,500","

             ₦ 2,990
            

             16%
            
","
             16%
            ","
             4 out of 5
             

",None
Men Corporate Outing Leather Shoe- Black,"₦ 4,500","

             ₦ 9,000
            

             50%
            
","
             50%
            ","
             3.5 out of 5
             

",None
2022 Men’s Casual Running Sneakers - Black/Green,"₦ 7,200 - ₦ 7,999","

             ₦ 15,684 - ₦ 16,900
            

             55%
            
","
             55%
            ","
             4.2 out of 5
             

",None
Nexus Vita SmoothMix Smoothie Blender NX-4050,"₦ 10,368","

             ₦ 12,442
            

             17%
            
","
             17%
            ","
             4.1 out of 5
             

",None
Fngeen 03 Luxury Classy Unisex Wrist Watch With Date/Week -Coffee,"₦ 4,500","

             ₦ 25,000
            

             82%
            
","
             82%
            ","
             3.9 out of 5
             

",None
DM Breathable Sneakers,"₦ 3,000 - ₦ 3,200","

             ₦ 6,000
            

             50%
            
","
             50%
            ","
             4 out of 5
             

",None
Men's Smart Fit Sneakers,"₦ 5,500","

             ₦ 5,790
            

             5%
            
","
             5%
            ","
             4.3 out of 5
             

",None
2 In 1 Men's Shirts Business Shirt  Long Sleeve,"₦ 6,750 - ₦ 8,500","

             ₦ 9,000 - ₦ 10,800
            

             38%
            
","
             38%
            ","
             4.5 out of 5
             

",None
Skyrun Double Door Top Mount Fridge 70L Sliver（BCD-85HC）,"₦ 88,855","

             ₦ 149,000
            

             40%
            
","
             40%
            ","
             4 out of 5
             

",None
Martell Cognac VS Single Distillery 70cl,"₦ 16,541","

             ₦ 20,676
            

             20%
            
","
             20%
            ","
             4.7 out of 5
             

",None
Huawei Nova3i (4GB RAM+128GB ROM) 6.3-Inch 4G LTE Smartphone (White),"₦ 54,900","

             ₦ 78,000
            

             30%
            
","
             30%
            ","
             5 out of 5
             

",None
Nestle Golden Morn Grainsmart 400g,₦ 840,"

             ₦ 935
            

             10%
            
","
             10%
            ","
             4.6 out of 5
             

",None
Oil Perfume 3ml X 12 Bottles,"₦ 2,400","

             ₦ 3,000
            

             20%
            
","
             20%
            ","
             4 out of 5
             

",None
"Samsung Galaxy A03, 4GB/64GB Memory - Black","₦ 86,000","

             ₦ 95,000
            

             9%
            
","
             9%
            ","
             4.6 out of 5
             

",None
Guinness Smooth Can x24,"₦ 5,775","

             ₦ 6,500
            

             11%
            
","
             11%
            ","
             4.5 out of 5
             

",None
Defacto Girl Carrot Fit Denim Trousers - Blue,"₦ 3,032","

             ₦ 7,579
            

             60%
            
","
             60%
            ",None,None
HAN RIVER Hair Clipper/Powerful /Versatile Universal / Adjustable Size,"₦ 5,890","

             ₦ 9,999
            

             41%
            
","
             41%
            ",None,None
Defacto Woman Elastic Waist V Neck Short Sleeve Dress - White,"₦ 4,198","

             ₦ 10,494
            

             60%
            
","
             60%
            ",None,None
Defacto Boy Blue Raincoat R0250A6-BE132,"₦ 4,093","

             ₦ 9,095
            

             55%
            
","
             55%
            ","
             5 out of 5
             

",None
ADIDAS ORIGINALS SLIDES ADILETTE W,"₦ 25,149","

             ₦ 35,915
            

             30%
            
","
             30%
            ","
             5 out of 5
             

",None
Italian Mens Leather Shoes Luxury Dress Shoes Men High Quality Office Shoes Man Wedding Shoes Brown,"₦ 19,300 - ₦ 20,400","

             ₦ 35,000
            

             45%
            
","
             45%
            ",None,None
Defacto Girl Wide Leg Denim Trousers - Blue,"₦ 2,624","

             ₦ 5,830
            

             55%
            
","
             55%
            ","
             4.5 out of 5
             

",None
Defacto Boy Yellow Raincoat R0250A6-YL386,"₦ 4,093","

             ₦ 9,095
            

             55%
            
","
             55%
            ",None,None
Defacto Woman Indigo Jogger Maternity Bottom-Denim,"₦ 3,149","

             ₦ 8,395
            

             62%
            
","
             62%
            ","
             3.8 out of 5
             

",None
Defacto Woman Black Short N8475AZ-BK27,"₦ 3,149","

             ₦ 6,996
            

             55%
            
","
             55%
            ","
             4.2 out of 5
             

",None
Defacto Man Regular Fit Woven Bermuda - Black,"₦ 7,241","

             ₦ 16,091
            

             55%
            
","
             55%
            ","
             5 out of 5
             

",None
HAN RIVER 300ml U-ltrasonic Air Humidifier Aroma Diffuser Mist Maker,"₦ 8,250","

             ₦ 13,500
            

             39%
            
","
             39%
            ",None,None
Smart Fashion Breathable Unisex Sneakers/Canvas-white,"₦ 4,000 - ₦ 4,200","

             ₦ 5,800 - ₦ 6,900
            

             41%
            
","
             41%
            ","
             4 out of 5
             

",None
2021 Men's Casual Running Sneakers - White,"₦ 6,400 - ₦ 6,800","

             ₦ 12,698
            

             50%
            
","
             50%
            ","
             4 out of 5
             

",None
I Watch Series 7 Full Touch Bluetooth Calling Smart Watch,"₦ 10,050","

             ₦ 19,990
            

             50%
            
","
             50%
            ","
             4 out of 5
             

",None
100% Cotton Tshirt - 4 Pcs,"₦ 9,700","

             ₦ 12,920
            

             25%
            
","
             25%
            ","
             3.9 out of 5
             

",None
Trendy Men's Lace-up Sneakers-White And Black,"₦ 5,310 - ₦ 6,990","

             ₦ 14,900
            

             64%
            
","
             64%
            ","
             4.1 out of 5
             

",None
STPERFUMES INCLUSIVE Oil Perfume Set (3ml X 12),"₦ 2,500","

             ₦ 2,990
            

             16%
            
","
             16%
            ","
             4 out of 5
             

",None
Men Corporate Outing Leather Shoe- Black,"₦ 4,500","

             ₦ 9,000
            

             50%
            
","
             50%
            ","
             3.5 out of 5
             

",None
2022 Men’s Casual Running Sneakers - Black/Green,"₦ 7,200 - ₦ 7,999","

             ₦ 15,684 - ₦ 16,900
            

             55%
            
","
             55%
            ","
             4.2 out of 5
             

",None
Nexus Vita SmoothMix Smoothie Blender NX-4050,"₦ 10,368","

             ₦ 12,442
            

             17%
            
","
             17%
            ","
             4.1 out of 5
             

",None
Fngeen 03 Luxury Classy Unisex Wrist Watch With Date/Week -Coffee,"₦ 4,500","

             ₦ 25,000
            

             82%
            
","
             82%
            ","
             3.9 out of 5
             

",None
DM Breathable Sneakers,"₦ 3,000 - ₦ 3,200","

             ₦ 6,000
            

             50%
            
","
             50%
            ","
             4 out of 5
             

",None
Men's Smart Fit Sneakers,"₦ 5,500","

             ₦ 5,790
            

             5%
            
","
             5%
            ","
             4.3 out of 5
             

",None
2 In 1 Men's Shirts Business Shirt  Long Sleeve,"₦ 6,750 - ₦ 8,500","

             ₦ 9,000 - ₦ 10,800
            

             38%
            
","
             38%
            ","
             4.5 out of 5
             

",None
Skyrun Double Door Top Mount Fridge 70L Sliver（BCD-85HC）,"₦ 88,855","

             ₦ 149,000
            

             40%
            
","
             40%
            ","
             4 out of 5
             

",None
Martell Cognac VS Single Distillery 70cl,"₦ 16,541","

             ₦ 20,676
            

             20%
            
","
             20%
            ","
             4.7 out of 5
             

",None
Huawei Nova3i (4GB RAM+128GB ROM) 6.3-Inch 4G LTE Smartphone (White),"₦ 54,900","

             ₦ 78,000
            

             30%
            
","
             30%
            ","
             5 out of 5
             

",None
Nestle Golden Morn Grainsmart 400g,₦ 840,"

             ₦ 935
            

             10%
            
","
             10%
            ","
             4.6 out of 5
             

",None
Oil Perfume 3ml X 12 Bottles,"₦ 2,400","

             ₦ 3,000
            

             20%
            
","
             20%
            ","
             4 out of 5
             

",None
"Samsung Galaxy A03, 4GB/64GB Memory - Black","₦ 86,000","

             ₦ 95,000
            

             9%
            
","
             9%
            ","
             4.6 out of 5
             

",None
Guinness Smooth Can x24,"₦ 5,775","

             ₦ 6,500
            

             11%
            
","
             11%
            ","
             4.5 out of 5
             

",None
Defacto Girl Carrot Fit Denim Trousers - Blue,"₦ 3,032","

             ₦ 7,579
            

             60%
            
","
             60%
            ",None,None
HAN RIVER Hair Clipper/Powerful /Versatile Universal / Adjustable Size,"₦ 5,890","

             ₦ 9,999
            

             41%
            
","
             41%
            ",None,None
Defacto Woman Elastic Waist V Neck Short Sleeve Dress - White,"₦ 4,198","

             ₦ 10,494
            

             60%
            
","
             60%
            ",None,None
Defacto Boy Blue Raincoat R0250A6-BE132,"₦ 4,093","

             ₦ 9,095
            

             55%
            
","
             55%
            ","
             5 out of 5
             

",None
ADIDAS ORIGINALS SLIDES ADILETTE W,"₦ 25,149","

             ₦ 35,915
            

             30%
            
","
             30%
            ","
             5 out of 5
             

",None
Italian Mens Leather Shoes Luxury Dress Shoes Men High Quality Office Shoes Man Wedding Shoes Brown,"₦ 19,300 - ₦ 20,400","

             ₦ 35,000
            

             45%
            
","
             45%
            ",None,None
Defacto Girl Wide Leg Denim Trousers - Blue,"₦ 2,624","

             ₦ 5,830
            

             55%
            
","
             55%
            ","
             4.5 out of 5
             

",None
Defacto Boy Yellow Raincoat R0250A6-YL386,"₦ 4,093","

             ₦ 9,095
            

             55%
            
","
             55%
            ",None,None
Defacto Woman Indigo Jogger Maternity Bottom-Denim,"₦ 3,149","

             ₦ 8,395
            

             62%
            
","
             62%
            ","
             3.8 out of 5
             

",None
Defacto Woman Black Short N8475AZ-BK27,"₦ 3,149","

             ₦ 6,996
            

             55%
            
","
             55%
            ","
             4.2 out of 5
             

",None
Defacto Man Regular Fit Woven Bermuda - Black,"₦ 7,241","

             ₦ 16,091
            

             55%
            
","
             55%
            ","
             5 out of 5
             

",None
HAN RIVER 300ml U-ltrasonic Air Humidifier Aroma Diffuser Mist Maker,"₦ 8,250","

             ₦ 13,500
            

             39%
            
","
             39%
            ",None,None
Smart Fashion Breathable Unisex Sneakers/Canvas-white,"₦ 4,000 - ₦ 4,200","

             ₦ 5,800 - ₦ 6,900
            

             41%
            
","
             41%
            ","
             4 out of 5
             

",None
2021 Men's Casual Running Sneakers - White,"₦ 6,400 - ₦ 6,800","

             ₦ 12,698
            

             50%
            
","
             50%
            ","
             4 out of 5
             

",None
I Watch Series 7 Full Touch Bluetooth Calling Smart Watch,"₦ 10,050","

             ₦ 19,990
            

             50%
            
","
             50%
            ","
             4 out of 5
             

",None
100% Cotton Tshirt - 4 Pcs,"₦ 9,700","

             ₦ 12,920
            

             25%
            
","
             25%
            ","
             3.9 out of 5
             

",None
Trendy Men's Lace-up Sneakers-White And Black,"₦ 5,310 - ₦ 6,990","

             ₦ 14,900
            

             64%
            
","
             64%
            ","
             4.1 out of 5
             

",None
STPERFUMES INCLUSIVE Oil Perfume Set (3ml X 12),"₦ 2,500","

             ₦ 2,990
            

             16%
            
","
             16%
            ","
             4 out of 5
             

",None
Men Corporate Outing Leather Shoe- Black,"₦ 4,500","

             ₦ 9,000
            

             50%
            
","
             50%
            ","
             3.5 out of 5
             

",None
2022 Men’s Casual Running Sneakers - Black/Green,"₦ 7,200 - ₦ 7,999","

             ₦ 15,684 - ₦ 16,900
            

             55%
            
","
             55%
            ","
             4.2 out of 5
             

",None
Nexus Vita SmoothMix Smoothie Blender NX-4050,"₦ 10,368","

             ₦ 12,442
            

             17%
            
","
             17%
            ","
             4.1 out of 5
             

",None
Fngeen 03 Luxury Classy Unisex Wrist Watch With Date/Week -Coffee,"₦ 4,500","

             ₦ 25,000
            

             82%
            
","
             82%
            ","
             3.9 out of 5
             

",None
DM Breathable Sneakers,"₦ 3,000 - ₦ 3,200","

             ₦ 6,000
            

             50%
            
","
             50%
            ","
             4 out of 5
             

",None
Men's Smart Fit Sneakers,"₦ 5,500","

             ₦ 5,790
            

             5%
            
","
             5%
            ","
             4.3 out of 5
             

",None
2 In 1 Men's Shirts Business Shirt  Long Sleeve,"₦ 6,750 - ₦ 8,500","

             ₦ 9,000 - ₦ 10,800
            

             38%
            
","
             38%
            ","
             4.5 out of 5
             

",None
Skyrun Double Door Top Mount Fridge 70L Sliver（BCD-85HC）,"₦ 88,855","

             ₦ 149,000
            

             40%
            
","
             40%
            ","
             4 out of 5
             

",None
Martell Cognac VS Single Distillery 70cl,"₦ 16,541","

             ₦ 20,676
            

             20%
            
","
             20%
            ","
             4.7 out of 5
             

",None
Huawei Nova3i (4GB RAM+128GB ROM) 6.3-Inch 4G LTE Smartphone (White),"₦ 54,900","

             ₦ 78,000
            

             30%
            
","
             30%
            ","
             5 out of 5
             

",None
Nestle Golden Morn Grainsmart 400g,₦ 840,"

             ₦ 935
            

             10%
            
","
             10%
            ","
             4.6 out of 5
             

",None
Oil Perfume 3ml X 12 Bottles,"₦ 2,400","

             ₦ 3,000
            

             20%
            
","
             20%
            ","
             4 out of 5
             

",None
"Samsung Galaxy A03, 4GB/64GB Memory - Black","₦ 86,000","

             ₦ 95,000
            

             9%
            
","
             9%
            ","
             4.6 out of 5
             

",None
Guinness Smooth Can x24,"₦ 5,775","

             ₦ 6,500
            

             11%
            
","
             11%
            ","
             4.5 out of 5
             

",None
Defacto Girl Carrot Fit Denim Trousers - Blue,"₦ 3,032","

             ₦ 7,579
            

             60%
            
","
             60%
            ",None,None
HAN RIVER Hair Clipper/Powerful /Versatile Universal / Adjustable Size,"₦ 5,890","

             ₦ 9,999
            

             41%
            
","
             41%
            ",None,None
Defacto Woman Elastic Waist V Neck Short Sleeve Dress - White,"₦ 4,198","

             ₦ 10,494
            

             60%
            
","
             60%
            ",None,None
Defacto Boy Blue Raincoat R0250A6-BE132,"₦ 4,093","

             ₦ 9,095
            

             55%
            
","
             55%
            ","
             5 out of 5
             

",None
ADIDAS ORIGINALS SLIDES ADILETTE W,"₦ 25,149","

             ₦ 35,915
            

             30%
            
","
             30%
            ","
             5 out of 5
             

",None
Italian Mens Leather Shoes Luxury Dress Shoes Men High Quality Office Shoes Man Wedding Shoes Brown,"₦ 19,300 - ₦ 20,400","

             ₦ 35,000
            

             45%
            
","
             45%
            ",None,None
Defacto Girl Wide Leg Denim Trousers - Blue,"₦ 2,624","

             ₦ 5,830
            

             55%
            
","
             55%
            ","
             4.5 out of 5
             

",None
Defacto Boy Yellow Raincoat R0250A6-YL386,"₦ 4,093","

             ₦ 9,095
            

             55%
            
","
             55%
            ",None,None
Defacto Woman Indigo Jogger Maternity Bottom-Denim,"₦ 3,149","

             ₦ 8,395
            

             62%
            
","
             62%
            ","
             3.8 out of 5
             

",None
Defacto Woman Black Short N8475AZ-BK27,"₦ 3,149","

             ₦ 6,996
            

             55%
            
","
             55%
            ","
             4.2 out of 5
             

",None
Defacto Man Regular Fit Woven Bermuda - Black,"₦ 7,241","

             ₦ 16,091
            

             55%
            
","
             55%
            ","
             5 out of 5
             

",None
HAN RIVER 300ml U-ltrasonic Air Humidifier Aroma Diffuser Mist Maker,"₦ 8,250","

             ₦ 13,500
            

             39%
            
","
             39%
            ",None,None
Smart Fashion Breathable Unisex Sneakers/Canvas-white,"₦ 4,000 - ₦ 4,200","

             ₦ 5,800 - ₦ 6,900
            

             41%
            
","
             41%
            ","
             4 out of 5
             

",None
2021 Men's Casual Running Sneakers - White,"₦ 6,400 - ₦ 6,800","

             ₦ 12,698
            

             50%
            
","
             50%
            ","
             4 out of 5
             

",None
I Watch Series 7 Full Touch Bluetooth Calling Smart Watch,"₦ 10,050","

             ₦ 19,990
            

             50%
            
","
             50%
            ","
             4 out of 5
             

",None
100% Cotton Tshirt - 4 Pcs,"₦ 9,700","

             ₦ 12,920
            

             25%
            
","
             25%
            ","
             3.9 out of 5
             

",None
Trendy Men's Lace-up Sneakers-White And Black,"₦ 5,310 - ₦ 6,990","

             ₦ 14,900
            

             64%
            
","
             64%
            ","
             4.1 out of 5
             

",None
STPERFUMES INCLUSIVE Oil Perfume Set (3ml X 12),"₦ 2,500","

             ₦ 2,990
            

             16%
            
","
             16%
            ","
             4 out of 5
             

",None
Men Corporate Outing Leather Shoe- Black,"₦ 4,500","

             ₦ 9,000
            

             50%
            
","
             50%
            ","
             3.5 out of 5
             

",None
2022 Men’s Casual Running Sneakers - Black/Green,"₦ 7,200 - ₦ 7,999","

             ₦ 15,684 - ₦ 16,900
            

             55%
            
","
             55%
            ","
             4.2 out of 5
             

",None
Nexus Vita SmoothMix Smoothie Blender NX-4050,"₦ 10,368","

             ₦ 12,442
            

             17%
            
","
             17%
            ","
             4.1 out of 5
             

",None
Fngeen 03 Luxury Classy Unisex Wrist Watch With Date/Week -Coffee,"₦ 4,500","

             ₦ 25,000
            

             82%
            
","
             82%
            ","
             3.9 out of 5
             

",None
DM Breathable Sneakers,"₦ 3,000 - ₦ 3,200","

             ₦ 6,000
            

             50%
            
","
             50%
            ","
             4 out of 5
             

",None
Men's Smart Fit Sneakers,"₦ 5,500","

             ₦ 5,790
            

             5%
            
","
             5%
            ","
             4.3 out of 5
             

",None
2 In 1 Men's Shirts Business Shirt  Long Sleeve,"₦ 6,750 - ₦ 8,500","

             ₦ 9,000 - ₦ 10,800
            

             38%
            
","
             38%
            ","
             4.5 out of 5
             

",None
Skyrun Double Door Top Mount Fridge 70L Sliver（BCD-85HC）,"₦ 88,855","

             ₦ 149,000
            

             40%
            
","
             40%
            ","
             4 out of 5
             

",None
Martell Cognac VS Single Distillery 70cl,"₦ 16,541","

             ₦ 20,676
            

             20%
            
","
             20%
            ","
             4.7 out of 5
             

",None
Huawei Nova3i (4GB RAM+128GB ROM) 6.3-Inch 4G LTE Smartphone (White),"₦ 54,900","

             ₦ 78,000
            

             30%
            
","
             30%
            ","
             5 out of 5
             

",None
Nestle Golden Morn Grainsmart 400g,₦ 840,"

             ₦ 935
            

             10%
            
","
             10%
            ","
             4.6 out of 5
             

",None
Oil Perfume 3ml X 12 Bottles,"₦ 2,400","

             ₦ 3,000
            

             20%
            
","
             20%
            ","
             4 out of 5
             

",None
"Samsung Galaxy A03, 4GB/64GB Memory - Black","₦ 86,000","

             ₦ 95,000
            

             9%
            
","
             9%
            ","
             4.6 out of 5
             

",None
